id;matricule;nom_utilisateur;prenom_utilisateur;poste;adresse;telephone
1;Singlespeed Investissement;Berkshire;Recyclé JSON trop;Savon SQL Montauban;standardization Films;+33 335711123
2;c trans c;perferendis driver;tellement Metal Vélocipède;Passage;Électronique sarcelle autrefois;+33 115831951
3;streamline;granular égyptienne Chevrolet;Chemise Avon b;Helium relationships partnerships;generate methodologies;0458698852
4;sensor Vélocar;auparavant kelvin mince;dès;cuicui;Livre Frites Homme;0635604369
5;program Borders à;grenat quo disintermediate;transition Homme;neural;Designer a Woman;+33 628222125
6;totam;Thon;améthyste;Reggae;dépôt asymmetric Plastique;0378792225
7;Genderflux;Oriental driver;plaisanter mindshare;lorsque;de;0413901547
8;PNG Technicien Jeep;administration Triplette;users Japon maîtriser;Monospaces perle;neque card Moderne;+33 603974826
9;Extended Architecte compress;volt;Account Vélo;project;perroquet;0721504104
10;Stagiaire degree;Acier b Prêt;backing;a Ordinateurs;Cis Ouest;0681122237
